{
  "FilterHeaders": [
    {
      "Header": "user-agent",
      "IncludeInScript": false
    },
    {
      "Header": "accept-language",
      "IncludeInScript": false
    },
    {
      "Header": "accept-encoding",
      "IncludeInScript": false
    },
    {
      "Header": "accept",
      "IncludeInScript": false
    }
  ],
  "FilterResources": [
    {
      "IsNonResource": true,
      "type": "text/html"
    },
    {
      "IsNonResource": false,
      "type": "text/css"
    },
    {
      "IsNonResource": false,
      "type": "image/x-icon"
    },
    {
      "IsNonResource": false,
      "type": "image/gif"
    }
  ],
  "GeneralInfo": {
    "BrowserVersion": "",
    "IsWinInetMode": false,
    "MaxUsedConnections": 6,
    "RecordedBrowser": "Internet Explorer",
    "RecordingDate": "oct.-04-2018",
    "RecordingDuration": 140063,
    "RecordingMode": "N/A",
    "RecordingTimeStamp": 1538656467,
    "RecordingType": "Browser",
    "TotalBytesReceived": 158539,
    "TotalBytesSent": 34038,
    "TotalRequests": 75,
    "UserAgent": "Mozilla/5.0 (Windows NT 10.0; WOW64; Trident/7.0; rv:11.0) like Gecko"
  },
  "HostInfo": [
    {
      "DomainName": "cfapps.io",
      "Domains": [
        {
          "HTTPVersion": "HTTP/1.1",
          "IP": "52.70.245.194",
          "IncludeInScript": true,
          "Name": "jpetstore.cfapps.io",
          "Port": 443,
          "Requests": [
            {
              "CompressionType": "",
              "DataType": "image/x-icon",
              "DownloadTime": 172,
              "EventId": 966,
              "HttpStatus": 200,
              "Size": 946,
              "URL": "https://jpetstore.cfapps.io/favicon.ico"
            },
            {
              "CompressionType": "",
              "DataType": "image/gif",
              "DownloadTime": 125,
              "EventId": 964,
              "HttpStatus": 200,
              "Size": 251,
              "URL": "https://jpetstore.cfapps.io/images/sm_birds.gif"
            },
            {
              "CompressionType": "",
              "DataType": "image/gif",
              "DownloadTime": 125,
              "EventId": 962,
              "HttpStatus": 200,
              "Size": 289,
              "URL": "https://jpetstore.cfapps.io/images/sm_cats.gif"
            },
            {
              "CompressionType": "",
              "DataType": "image/gif",
              "DownloadTime": 125,
              "EventId": 960,
              "HttpStatus": 200,
              "Size": 398,
              "URL": "https://jpetstore.cfapps.io/images/sm_reptiles.gif"
            },
            {
              "CompressionType": "",
              "DataType": "image/gif",
              "DownloadTime": 157,
              "EventId": 958,
              "HttpStatus": 200,
              "Size": 3808,
              "URL": "https://jpetstore.cfapps.io/images/logo-topbar.gif"
            },
            {
              "CompressionType": "",
              "DataType": "image/gif",
              "DownloadTime": 141,
              "EventId": 956,
              "HttpStatus": 200,
              "Size": 46,
              "URL": "https://jpetstore.cfapps.io/images/separator.gif"
            },
            {
              "CompressionType": "",
              "DataType": "image/gif",
              "DownloadTime": 141,
              "EventId": 954,
              "HttpStatus": 200,
              "Size": 306,
              "URL": "https://jpetstore.cfapps.io/images/sm_dogs.gif"
            },
            {
              "CompressionType": "",
              "DataType": "image/gif",
              "DownloadTime": 125,
              "EventId": 952,
              "HttpStatus": 200,
              "Size": 271,
              "URL": "https://jpetstore.cfapps.io/images/sm_fish.gif"
            },
            {
              "CompressionType": "",
              "DataType": "text/css",
              "DownloadTime": 125,
              "EventId": 949,
              "HttpStatus": 200,
              "Size": 5936,
              "URL": "https://jpetstore.cfapps.io/css/jpetstore.css"
            },
            {
              "CompressionType": "",
              "DataType": "image/gif",
              "DownloadTime": 110,
              "EventId": 947,
              "HttpStatus": 200,
              "Size": 96,
              "URL": "https://jpetstore.cfapps.io/images/cart.gif"
            },
            {
              "CompressionType": "",
              "DataType": "text/html",
              "DownloadTime": 141,
              "EventId": 945,
              "HttpStatus": 200,
              "Size": 4860,
              "URL": "https://jpetstore.cfapps.io/cart"
            },
            {
              "CompressionType": "",
              "DataType": "",
              "DownloadTime": 125,
              "EventId": 943,
              "HttpStatus": 302,
              "Size": 0,
              "URL": "https://jpetstore.cfapps.io/cart?remove&itemId=EST-1"
            },
            {
              "CompressionType": "",
              "DataType": "image/x-icon",
              "DownloadTime": 125,
              "EventId": 941,
              "HttpStatus": 200,
              "Size": 946,
              "URL": "https://jpetstore.cfapps.io/favicon.ico"
            },
            {
              "CompressionType": "",
              "DataType": "image/gif",
              "DownloadTime": 140,
              "EventId": 939,
              "HttpStatus": 200,
              "Size": 251,
              "URL": "https://jpetstore.cfapps.io/images/sm_birds.gif"
            },
            {
              "CompressionType": "",
              "DataType": "image/gif",
              "DownloadTime": 125,
              "EventId": 937,
              "HttpStatus": 200,
              "Size": 289,
              "URL": "https://jpetstore.cfapps.io/images/sm_cats.gif"
            },
            {
              "CompressionType": "",
              "DataType": "image/gif",
              "DownloadTime": 109,
              "EventId": 935,
              "HttpStatus": 200,
              "Size": 398,
              "URL": "https://jpetstore.cfapps.io/images/sm_reptiles.gif"
            },
            {
              "CompressionType": "",
              "DataType": "image/gif",
              "DownloadTime": 141,
              "EventId": 933,
              "HttpStatus": 200,
              "Size": 306,
              "URL": "https://jpetstore.cfapps.io/images/sm_dogs.gif"
            },
            {
              "CompressionType": "",
              "DataType": "image/gif",
              "DownloadTime": 125,
              "EventId": 931,
              "HttpStatus": 200,
              "Size": 3808,
              "URL": "https://jpetstore.cfapps.io/images/logo-topbar.gif"
            },
            {
              "CompressionType": "",
              "DataType": "image/gif",
              "DownloadTime": 125,
              "EventId": 929,
              "HttpStatus": 200,
              "Size": 46,
              "URL": "https://jpetstore.cfapps.io/images/separator.gif"
            },
            {
              "CompressionType": "",
              "DataType": "image/gif",
              "DownloadTime": 125,
              "EventId": 927,
              "HttpStatus": 200,
              "Size": 271,
              "URL": "https://jpetstore.cfapps.io/images/sm_fish.gif"
            },
            {
              "CompressionType": "",
              "DataType": "image/gif",
              "DownloadTime": 125,
              "EventId": 925,
              "HttpStatus": 200,
              "Size": 96,
              "URL": "https://jpetstore.cfapps.io/images/cart.gif"
            },
            {
              "CompressionType": "",
              "DataType": "text/css",
              "DownloadTime": 110,
              "EventId": 923,
              "HttpStatus": 200,
              "Size": 5936,
              "URL": "https://jpetstore.cfapps.io/css/jpetstore.css"
            },
            {
              "CompressionType": "",
              "DataType": "text/html",
              "DownloadTime": 110,
              "EventId": 921,
              "HttpStatus": 200,
              "Size": 6625,
              "URL": "https://jpetstore.cfapps.io/cart"
            },
            {
              "CompressionType": "",
              "DataType": "",
              "DownloadTime": 110,
              "EventId": 919,
              "HttpStatus": 302,
              "Size": 0,
              "URL": "https://jpetstore.cfapps.io/cart?add&itemId=EST-1"
            },
            {
              "CompressionType": "",
              "DataType": "image/x-icon",
              "DownloadTime": 125,
              "EventId": 913,
              "HttpStatus": 200,
              "Size": 946,
              "URL": "https://jpetstore.cfapps.io/favicon.ico"
            },
            {
              "CompressionType": "",
              "DataType": "image/gif",
              "DownloadTime": 156,
              "EventId": 911,
              "HttpStatus": 200,
              "Size": 12638,
              "URL": "https://jpetstore.cfapps.io/images/fish1.gif"
            },
            {
              "CompressionType": "",
              "DataType": "image/gif",
              "DownloadTime": 109,
              "EventId": 909,
              "HttpStatus": 200,
              "Size": 251,
              "URL": "https://jpetstore.cfapps.io/images/sm_birds.gif"
            },
            {
              "CompressionType": "",
              "DataType": "image/gif",
              "DownloadTime": 125,
              "EventId": 907,
              "HttpStatus": 200,
              "Size": 289,
              "URL": "https://jpetstore.cfapps.io/images/sm_cats.gif"
            },
            {
              "CompressionType": "",
              "DataType": "image/gif",
              "DownloadTime": 110,
              "EventId": 905,
              "HttpStatus": 200,
              "Size": 398,
              "URL": "https://jpetstore.cfapps.io/images/sm_reptiles.gif"
            },
            {
              "CompressionType": "",
              "DataType": "image/gif",
              "DownloadTime": 172,
              "EventId": 903,
              "HttpStatus": 200,
              "Size": 271,
              "URL": "https://jpetstore.cfapps.io/images/sm_fish.gif"
            },
            {
              "CompressionType": "",
              "DataType": "image/gif",
              "DownloadTime": 172,
              "EventId": 901,
              "HttpStatus": 200,
              "Size": 306,
              "URL": "https://jpetstore.cfapps.io/images/sm_dogs.gif"
            },
            {
              "CompressionType": "",
              "DataType": "image/gif",
              "DownloadTime": 156,
              "EventId": 899,
              "HttpStatus": 200,
              "Size": 46,
              "URL": "https://jpetstore.cfapps.io/images/separator.gif"
            },
            {
              "CompressionType": "",
              "DataType": "image/gif",
              "DownloadTime": 172,
              "EventId": 897,
              "HttpStatus": 200,
              "Size": 3808,
              "URL": "https://jpetstore.cfapps.io/images/logo-topbar.gif"
            },
            {
              "CompressionType": "",
              "DataType": "image/gif",
              "DownloadTime": 157,
              "EventId": 895,
              "HttpStatus": 200,
              "Size": 96,
              "URL": "https://jpetstore.cfapps.io/images/cart.gif"
            },
            {
              "CompressionType": "",
              "DataType": "text/css",
              "DownloadTime": 110,
              "EventId": 893,
              "HttpStatus": 200,
              "Size": 5936,
              "URL": "https://jpetstore.cfapps.io/css/jpetstore.css"
            },
            {
              "CompressionType": "",
              "DataType": "text/html",
              "DownloadTime": 110,
              "EventId": 891,
              "HttpStatus": 200,
              "Size": 5295,
              "URL": "https://jpetstore.cfapps.io/catalog/items/EST-1"
            },
            {
              "CompressionType": "",
              "DataType": "image/x-icon",
              "DownloadTime": 109,
              "EventId": 889,
              "HttpStatus": 200,
              "Size": 946,
              "URL": "https://jpetstore.cfapps.io/favicon.ico"
            },
            {
              "CompressionType": "",
              "DataType": "image/gif",
              "DownloadTime": 110,
              "EventId": 887,
              "HttpStatus": 200,
              "Size": 251,
              "URL": "https://jpetstore.cfapps.io/images/sm_birds.gif"
            },
            {
              "CompressionType": "",
              "DataType": "image/gif",
              "DownloadTime": 109,
              "EventId": 885,
              "HttpStatus": 200,
              "Size": 289,
              "URL": "https://jpetstore.cfapps.io/images/sm_cats.gif"
            },
            {
              "CompressionType": "",
              "DataType": "image/gif",
              "DownloadTime": 125,
              "EventId": 883,
              "HttpStatus": 200,
              "Size": 398,
              "URL": "https://jpetstore.cfapps.io/images/sm_reptiles.gif"
            },
            {
              "CompressionType": "",
              "DataType": "image/gif",
              "DownloadTime": 140,
              "EventId": 881,
              "HttpStatus": 200,
              "Size": 306,
              "URL": "https://jpetstore.cfapps.io/images/sm_dogs.gif"
            },
            {
              "CompressionType": "",
              "DataType": "image/gif",
              "DownloadTime": 156,
              "EventId": 879,
              "HttpStatus": 200,
              "Size": 271,
              "URL": "https://jpetstore.cfapps.io/images/sm_fish.gif"
            },
            {
              "CompressionType": "",
              "DataType": "image/gif",
              "DownloadTime": 125,
              "EventId": 877,
              "HttpStatus": 200,
              "Size": 96,
              "URL": "https://jpetstore.cfapps.io/images/cart.gif"
            },
            {
              "CompressionType": "",
              "DataType": "image/gif",
              "DownloadTime": 109,
              "EventId": 875,
              "HttpStatus": 200,
              "Size": 46,
              "URL": "https://jpetstore.cfapps.io/images/separator.gif"
            },
            {
              "CompressionType": "",
              "DataType": "image/gif",
              "DownloadTime": 125,
              "EventId": 873,
              "HttpStatus": 200,
              "Size": 3808,
              "URL": "https://jpetstore.cfapps.io/images/logo-topbar.gif"
            },
            {
              "CompressionType": "",
              "DataType": "text/css",
              "DownloadTime": 110,
              "EventId": 871,
              "HttpStatus": 200,
              "Size": 5936,
              "URL": "https://jpetstore.cfapps.io/css/jpetstore.css"
            },
            {
              "CompressionType": "",
              "DataType": "text/html",
              "DownloadTime": 125,
              "EventId": 869,
              "HttpStatus": 200,
              "Size": 5641,
              "URL": "https://jpetstore.cfapps.io/catalog/products/FI-SW-01"
            },
            {
              "CompressionType": "",
              "DataType": "image/x-icon",
              "DownloadTime": 110,
              "EventId": 865,
              "HttpStatus": 200,
              "Size": 946,
              "URL": "https://jpetstore.cfapps.io/favicon.ico"
            },
            {
              "CompressionType": "",
              "DataType": "image/gif",
              "DownloadTime": 109,
              "EventId": 863,
              "HttpStatus": 200,
              "Size": 251,
              "URL": "https://jpetstore.cfapps.io/images/sm_birds.gif"
            },
            {
              "CompressionType": "",
              "DataType": "image/gif",
              "DownloadTime": 125,
              "EventId": 861,
              "HttpStatus": 200,
              "Size": 289,
              "URL": "https://jpetstore.cfapps.io/images/sm_cats.gif"
            },
            {
              "CompressionType": "",
              "DataType": "image/gif",
              "DownloadTime": 110,
              "EventId": 859,
              "HttpStatus": 200,
              "Size": 398,
              "URL": "https://jpetstore.cfapps.io/images/sm_reptiles.gif"
            },
            {
              "CompressionType": "",
              "DataType": "image/gif",
              "DownloadTime": 140,
              "EventId": 857,
              "HttpStatus": 200,
              "Size": 271,
              "URL": "https://jpetstore.cfapps.io/images/sm_fish.gif"
            },
            {
              "CompressionType": "",
              "DataType": "image/gif",
              "DownloadTime": 125,
              "EventId": 855,
              "HttpStatus": 200,
              "Size": 306,
              "URL": "https://jpetstore.cfapps.io/images/sm_dogs.gif"
            },
            {
              "CompressionType": "",
              "DataType": "image/gif",
              "DownloadTime": 141,
              "EventId": 853,
              "HttpStatus": 200,
              "Size": 3808,
              "URL": "https://jpetstore.cfapps.io/images/logo-topbar.gif"
            },
            {
              "CompressionType": "",
              "DataType": "image/gif",
              "DownloadTime": 125,
              "EventId": 851,
              "HttpStatus": 200,
              "Size": 96,
              "URL": "https://jpetstore.cfapps.io/images/cart.gif"
            },
            {
              "CompressionType": "",
              "DataType": "image/gif",
              "DownloadTime": 125,
              "EventId": 849,
              "HttpStatus": 200,
              "Size": 46,
              "URL": "https://jpetstore.cfapps.io/images/separator.gif"
            },
            {
              "CompressionType": "",
              "DataType": "text/css",
              "DownloadTime": 110,
              "EventId": 847,
              "HttpStatus": 200,
              "Size": 5936,
              "URL": "https://jpetstore.cfapps.io/css/jpetstore.css"
            },
            {
              "CompressionType": "",
              "DataType": "text/html",
              "DownloadTime": 141,
              "EventId": 845,
              "HttpStatus": 200,
              "Size": 4751,
              "URL": "https://jpetstore.cfapps.io/catalog/categories/FISH"
            },
            {
              "CompressionType": "",
              "DataType": "image/x-icon",
              "DownloadTime": 109,
              "EventId": 525,
              "HttpStatus": 200,
              "Size": 946,
              "URL": "https://jpetstore.cfapps.io/favicon.ico"
            },
            {
              "CompressionType": "",
              "DataType": "image/gif",
              "DownloadTime": 141,
              "EventId": 523,
              "HttpStatus": 200,
              "Size": 96,
              "URL": "https://jpetstore.cfapps.io/images/cart.gif"
            },
            {
              "CompressionType": "",
              "DataType": "image/gif",
              "DownloadTime": 125,
              "EventId": 521,
              "HttpStatus": 200,
              "Size": 271,
              "URL": "https://jpetstore.cfapps.io/images/sm_fish.gif"
            },
            {
              "CompressionType": "",
              "DataType": "image/gif",
              "DownloadTime": 125,
              "EventId": 515,
              "HttpStatus": 200,
              "Size": 46,
              "URL": "https://jpetstore.cfapps.io/images/separator.gif"
            },
            {
              "CompressionType": "",
              "DataType": "image/gif",
              "DownloadTime": 125,
              "EventId": 511,
              "HttpStatus": 200,
              "Size": 36097,
              "URL": "https://jpetstore.cfapps.io/images/splash.gif"
            },
            {
              "CompressionType": "",
              "DataType": "image/gif",
              "DownloadTime": 125,
              "EventId": 509,
              "HttpStatus": 200,
              "Size": 471,
              "URL": "https://jpetstore.cfapps.io/images/birds_icon.gif"
            },
            {
              "CompressionType": "",
              "DataType": "image/gif",
              "DownloadTime": 125,
              "EventId": 505,
              "HttpStatus": 200,
              "Size": 408,
              "URL": "https://jpetstore.cfapps.io/images/cats_icon.gif"
            },
            {
              "CompressionType": "",
              "DataType": "image/gif",
              "DownloadTime": 125,
              "EventId": 503,
              "HttpStatus": 200,
              "Size": 669,
              "URL": "https://jpetstore.cfapps.io/images/reptiles_icon.gif"
            },
            {
              "CompressionType": "",
              "DataType": "image/gif",
              "DownloadTime": 109,
              "EventId": 501,
              "HttpStatus": 200,
              "Size": 306,
              "URL": "https://jpetstore.cfapps.io/images/sm_dogs.gif"
            },
            {
              "CompressionType": "",
              "DataType": "image/gif",
              "DownloadTime": 125,
              "EventId": 499,
              "HttpStatus": 200,
              "Size": 468,
              "URL": "https://jpetstore.cfapps.io/images/dogs_icon.gif"
            },
            {
              "CompressionType": "",
              "DataType": "image/gif",
              "DownloadTime": 109,
              "EventId": 497,
              "HttpStatus": 200,
              "Size": 439,
              "URL": "https://jpetstore.cfapps.io/images/fish_icon.gif"
            },
            {
              "CompressionType": "",
              "DataType": "image/gif",
              "DownloadTime": 125,
              "EventId": 493,
              "HttpStatus": 200,
              "Size": 251,
              "URL": "https://jpetstore.cfapps.io/images/sm_birds.gif"
            },
            {
              "CompressionType": "",
              "DataType": "image/gif",
              "DownloadTime": 109,
              "EventId": 490,
              "HttpStatus": 200,
              "Size": 3808,
              "URL": "https://jpetstore.cfapps.io/images/logo-topbar.gif"
            },
            {
              "CompressionType": "",
              "DataType": "image/gif",
              "DownloadTime": 125,
              "EventId": 488,
              "HttpStatus": 200,
              "Size": 289,
              "URL": "https://jpetstore.cfapps.io/images/sm_cats.gif"
            },
            {
              "CompressionType": "",
              "DataType": "image/gif",
              "DownloadTime": 141,
              "EventId": 484,
              "HttpStatus": 200,
              "Size": 398,
              "URL": "https://jpetstore.cfapps.io/images/sm_reptiles.gif"
            },
            {
              "CompressionType": "",
              "DataType": "text/css",
              "DownloadTime": 125,
              "EventId": 477,
              "HttpStatus": 200,
              "Size": 5936,
              "URL": "https://jpetstore.cfapps.io/css/jpetstore.css"
            },
            {
              "CompressionType": "",
              "DataType": "text/html",
              "DownloadTime": 141,
              "EventId": 470,
              "HttpStatus": 200,
              "Size": 6095,
              "URL": "https://jpetstore.cfapps.io/catalog"
            }
          ],
          "SSLCipher": "ECDHE-RSA-AES128-GCM-SHA256",
          "SSLVersion": "TLS1.2"
        }
      ],
      "IncludeInScript": true
    }
  ],
  "WebSocket": {
    "IncludeInScript": false,
    "IsScriptIncludeWebSocket": false
  },
  "NumberOfCorrelations": 0
}